カテゴリ,商品名,価格,アフィリエイトURL
ふるさと納税 ランキング,【ふるさと納税】総合1位！ジャンル1位！【発送時期が選べる】九州産 うなぎ蒲焼 4尾(さんしょう、たれ付き) うなぎ蒲焼きざみ2袋付き 計860g うなぎ 蒲焼き お惣菜 贈答 贈り物 ギフト おすすめ 人気 国産うなぎ 小分け 人気 冬うなぎ ランキング 鰻楽 宮崎市,24000,https://hb.afl.rakuten.co.jp/hgc/g00tjs8n.7fmpi3d4.g00tjs8n.7fmpj5b8/?pc=https%3A%2F%2Fitem.rakuten.co.jp%2Ff452017-miyazaki%2Fm040-001%2F&m=http%3A%2F%2Fm.rakuten.co.jp%2Ff452017-miyazaki%2Fi%2F10000645%2F&rafcid=wsc_i_is_d634ff2c-683e-4977-844d-858728677083
ふるさと納税 ランキング,【ふるさと納税】 ＼高評価★4.64／ 2026年 定期便 フルーツ 桃 シャインマスカット 黒ぶどう 選べる回数 2回 3回 白鳳 白桃 もも ブドウ 500g以上 果物 高レビュー 期間限定 【2026年7月中旬頃～10月中旬頃まで順次発送】 富士吉田 ふるさと納税 ランキング,18000,https://hb.afl.rakuten.co.jp/hgc/g00srlwn.7fmpie46.g00srlwn.7fmpje02/?pc=https%3A%2F%2Fitem.rakuten.co.jp%2Ff192023-fujiyoshida%2Ff287%2F&m=http%3A%2F%2Fm.rakuten.co.jp%2Ff192023-fujiyoshida%2Fi%2F10001890%2F&rafcid=wsc_i_is_d634ff2c-683e-4977-844d-858728677083
ふるさと納税 ランキング,【ふるさと納税】あとから選べる！ さのちょくカタログ 有効期限なし 高評価 カタログ 肉 よなよなエール 牛たん ビール 酒 かに サーモン 野菜 定期便 おせち うなぎ タオル ゴルフ 日用品 あとからセレクト 満足度9割 ランキング急上昇中 大阪府 泉佐野市,1000,https://hb.afl.rakuten.co.jp/hgc/g00sksin.7fmpi4ab.g00sksin.7fmpjafd/?pc=https%3A%2F%2Fitem.rakuten.co.jp%2Ff272132-izumisano%2Fsn001%2F&m=http%3A%2F%2Fm.rakuten.co.jp%2Ff272132-izumisano%2Fi%2F10005128%2F&rafcid=wsc_i_is_d634ff2c-683e-4977-844d-858728677083
ふるさと納税 ランキング,【ふるさと納税】 現在予約殺到中 !! 大人気 バスクチーズケーキ 定期便 ケーキ スイーツ おやつ ギフト 贈り物 濃厚 クリーミー チーズ 絶品 洋菓子 デザート 人気 手作り お取り寄せ 誕生日 プレゼント パーティー 記念日 バースデー ホールケーキ 宿毛市 6000円,6000,https://hb.afl.rakuten.co.jp/hgc/g00sxbpn.7fmpi23c.g00sxbpn.7fmpj5f3/?pc=https%3A%2F%2Fitem.rakuten.co.jp%2Ff392081-sukumo%2F119001%2F&m=http%3A%2F%2Fm.rakuten.co.jp%2Ff392081-sukumo%2Fi%2F10001093%2F&rafcid=wsc_i_is_d634ff2c-683e-4977-844d-858728677083
ふるさと納税 ランキング,【ふるさと納税】ギフト大賞受賞！総合ランキング1位！うなぎ 鰻 長蒲焼3~5尾 | ふるさと納税 うなぎ 高級 ウナギ 鰻 訳あり 国産 蒲焼 蒲焼き たれ 鹿児島 大隅 大崎町 ふるさと 人気 送料無料,18000,https://hb.afl.rakuten.co.jp/hgc/g00t5p7n.7fmpibc9.g00t5p7n.7fmpj5d3/?pc=https%3A%2F%2Fitem.rakuten.co.jp%2Ff464686-osaki%2Fa900-r%2F&m=http%3A%2F%2Fm.rakuten.co.jp%2Ff464686-osaki%2Fi%2F10000297%2F&rafcid=wsc_i_is_d634ff2c-683e-4977-844d-858728677083
ふるさと納税 肉,【ふるさと納税】総合1位 北海道産 牛肉 ふるさと納税 別海牛 焼肉 （ ふるさと納税 肉 小分け 牛肉 ふるさと納税 焼肉 ふるさと納税 訳あり ふるさと納税 焼き肉 牛 肉 バーベキュー ふるさと 焼肉 わけあり 人気 ランキング 北海道 別海町 父の日）,10000,https://hb.afl.rakuten.co.jp/hgc/g00tkt0n.7fmpi4f7.g00tkt0n.7fmpjad4/?pc=https%3A%2F%2Fitem.rakuten.co.jp%2Ff016918-betsukai%2Fbe010-014a023%2F&m=http%3A%2F%2Fm.rakuten.co.jp%2Ff016918-betsukai%2Fi%2F10002938%2F&rafcid=wsc_i_is_d634ff2c-683e-4977-844d-858728677083
ふるさと納税 肉,【ふるさと納税】【総合1位・ジャンル1位】【年に1度の父の日フェア】【内容量・発送時期が選べる】大満足豚肉ロースバラエティセット 4.7kg 2.1kg 豚肉 肉 お肉 精肉 豚 食べ比べ セット 切り落とし ロース ミンチ ハンバーグ 国産 訳あり ストック 小分け 人気,13000,https://hb.afl.rakuten.co.jp/hgc/g00tjs8n.7fmpi3d4.g00tjs8n.7fmpj5b8/?pc=https%3A%2F%2Fitem.rakuten.co.jp%2Ff452017-miyazaki%2Fm132-064%2F&m=http%3A%2F%2Fm.rakuten.co.jp%2Ff452017-miyazaki%2Fi%2F10002014%2F&rafcid=wsc_i_is_d634ff2c-683e-4977-844d-858728677083
ふるさと納税 肉,【ふるさと納税】【楽天限定】鹿児島県産 黒毛和牛 牛肉 赤身 モモ スライス or 焼肉カット(計1kg~2.1kg /定期便 全3回) すき焼き しゃぶしゃぶ 国産 肉【発送時期が選べる】【ナンチク】,14000,https://hb.afl.rakuten.co.jp/hgc/g00s8zzn.7fmpi6b3.g00s8zzn.7fmpjc67/?pc=https%3A%2F%2Fitem.rakuten.co.jp%2Ff462217-shibushi%2Fb5-080%2F&m=http%3A%2F%2Fm.rakuten.co.jp%2Ff462217-shibushi%2Fi%2F10000706%2F&rafcid=wsc_i_is_d634ff2c-683e-4977-844d-858728677083
ふるさと納税 肉,【ふるさと納税】【総合ランキング1位獲得】豚肉 切り落とし (切り落とし or スライス or ミンチ) 訳あり 豚 細切れ こま切れ 豚しゃぶ 小分け 訳あり 訳有 ひき肉 うまかポーク 規格外 ぶた肉 真空パック 数量限定 簡易包装 《選べる出荷時期》 スライス しゃぶしゃぶ,8000,https://hb.afl.rakuten.co.jp/hgc/g00to3fn.7fmpidc2.g00to3fn.7fmpj2da/?pc=https%3A%2F%2Fitem.rakuten.co.jp%2Ff434035-ozu%2F10000221%2F&m=http%3A%2F%2Fm.rakuten.co.jp%2Ff434035-ozu%2Fi%2F10000221%2F&rafcid=wsc_i_is_d634ff2c-683e-4977-844d-858728677083
ふるさと納税 肉,【ふるさと納税】総合＆ジャンル2冠達成【部位＋カット＋重量＋発送時期が選べる！】畜産農家応援！宮崎牛【赤身＆霜降り】or【赤身】- 選べるカット 宮崎牛 牛肉 500g 1kg 2kg 送料無料 【都城市】,12500,https://hb.afl.rakuten.co.jp/hgc/g00s7umn.7fmpi557.g00s7umn.7fmpj182/?pc=https%3A%2F%2Fitem.rakuten.co.jp%2Ff452025-miyakonojo%2Fsku-n203%2F&m=http%3A%2F%2Fm.rakuten.co.jp%2Ff452025-miyakonojo%2Fi%2F10007362%2F&rafcid=wsc_i_is_d634ff2c-683e-4977-844d-858728677083
ふるさと納税 米,【ふるさと納税】最短14営業日以内発送 高評価★4.25 令和7年産 お米 阿蘇だわら 選べる 容量 ( 5kg～45kg / 無洗米・精米・玄米 ) R7 熊本県 高森町 白米 ブレンド米 5kg 10kg 15kg 20kg 30kg 45kg,7000,https://hb.afl.rakuten.co.jp/hgc/g00t1hdn.7fmpid9f.g00t1hdn.7fmpjc2e/?pc=https%3A%2F%2Fitem.rakuten.co.jp%2Ff434281-takamori%2F078-566%2F&m=http%3A%2F%2Fm.rakuten.co.jp%2Ff434281-takamori%2Fi%2F10000542%2F&rafcid=wsc_i_is_d634ff2c-683e-4977-844d-858728677083
ふるさと納税 米,【ふるさと納税】【 定期便 選べる 初回配送月・精米種別・回数 】 高評価 ! 特A 米 令和7年産 北海道 東川米 ななつぼし | 5kg 10kg 20kg 30kg 3回 6回 12回 無洗米 白米 精米 北海道米 単一米 産地限定米 ブランド米 こめ 米 お米 ご飯 ごはん,36000,https://hb.afl.rakuten.co.jp/hgc/g00s5x9n.7fmpic53.g00s5x9n.7fmpj7c1/?pc=https%3A%2F%2Fitem.rakuten.co.jp%2Ff014583-higashikawa%2F21003001%2F&m=http%3A%2F%2Fm.rakuten.co.jp%2Ff014583-higashikawa%2Fi%2F10000251%2F&rafcid=wsc_i_is_d634ff2c-683e-4977-844d-858728677083
ふるさと納税 米,【ふるさと納税】＼ 令和8年産 新米 先行予約 ／【 定期便 選べる 初回配送月・精米種別・回数 】 高評価 ! 特A 米 北海道 東川米 ゆめぴりか | 5kg 10kg 20kg 30kg 3回 6回 12回 無洗米 白米 精米 北海道米 単一米 産地限定米 ブランド米 こめ 米 お米 ご飯 ごはん,48000,https://hb.afl.rakuten.co.jp/hgc/g00s5x9n.7fmpic53.g00s5x9n.7fmpj7c1/?pc=https%3A%2F%2Fitem.rakuten.co.jp%2Ff014583-higashikawa%2F21003003%2F&m=http%3A%2F%2Fm.rakuten.co.jp%2Ff014583-higashikawa%2Fi%2F10000257%2F&rafcid=wsc_i_is_d634ff2c-683e-4977-844d-858728677083
ふるさと納税 米,【ふるさと納税】★最短2営業日で発送★ コシヒカリ 品種おまかせ 5kg 10kg 15kg 20kg ＼ 選べる発送時期 ／令和7年産 定期便 茨城県つくばみらい市産 ｜ 米 コメ 単一米 8000 9000 16000 18000 コスパ 茨城県産 国産 単一原料米,8000,https://hb.afl.rakuten.co.jp/hgc/g00t5wgn.7fmpiefb.g00t5wgn.7fmpj72a/?pc=https%3A%2F%2Fitem.rakuten.co.jp%2Ff082350-tsukubamirai%2Fcl14-nt%2F&m=http%3A%2F%2Fm.rakuten.co.jp%2Ff082350-tsukubamirai%2Fi%2F10002514%2F&rafcid=wsc_i_is_d634ff2c-683e-4977-844d-858728677083
ふるさと納税 米,【ふるさと納税】 高評価★4.8 米 定期便 能登米 石川米 こしひかり 白米 無洗米 2kg〜30kg ×1回 3回 6回 12回 [中橋商事 石川県 宝達志水町 38601351] 令和7年産 3ヶ月 6ヶ月 12ヶ月 精米 コシヒカリ お米 こめ コメ 定期 5kg 10kg 5キロ 10キロ 能登 ◎,8000,https://hb.afl.rakuten.co.jp/hgc/g00tah6n.7fmpi671.g00tah6n.7fmpj650/?pc=https%3A%2F%2Fitem.rakuten.co.jp%2Ff173860-hodatsushimizu%2F38600101%2F&m=http%3A%2F%2Fm.rakuten.co.jp%2Ff173860-hodatsushimizu%2Fi%2F10000450%2F&rafcid=wsc_i_is_d634ff2c-683e-4977-844d-858728677083
ふるさと納税 ビール,【ふるさと納税】ビール アサヒ スーパードライ (選べる 350ml 500ml / 24本 48本 / 単品 2ヶ月～12ヶ月定期便 12ヶ月定期便) 【楽天限定】| 最短3日発送 アサヒビール お酒 アルコール Asahi アサヒビール 缶ビール ギフト 茨城県守谷市 高評価★4.67,14900,https://hb.afl.rakuten.co.jp/hgc/g00t7zwn.7fmpi5c0.g00t7zwn.7fmpjebc/?pc=https%3A%2F%2Fitem.rakuten.co.jp%2Ff082244-moriya%2F55840311%2F&m=http%3A%2F%2Fm.rakuten.co.jp%2Ff082244-moriya%2Fi%2F10000203%2F&rafcid=wsc_i_is_d634ff2c-683e-4977-844d-858728677083
ふるさと納税 ビール,【ふるさと納税】【最短発送】【訳あり】キリン一番搾り生ビール＜千歳工場産＞350ml・500ml 1〜10ケース（1ケース24本）北海道 ふるさと納税 ビール お酒 ケース ギフト 酒 ビール ギフト 美味しさに 訳あり 麒麟 KIRIN,14800,https://hb.afl.rakuten.co.jp/hgc/g00t8i5n.7fmpi09b.g00t8i5n.7fmpj5d4/?pc=https%3A%2F%2Fitem.rakuten.co.jp%2Ff012246-chitose%2F55750155%2F&m=http%3A%2F%2Fm.rakuten.co.jp%2Ff012246-chitose%2Fi%2F10000444%2F&rafcid=wsc_i_is_d634ff2c-683e-4977-844d-858728677083
ふるさと納税 ビール,【ふるさと納税】《最短翌日発送》オリオン ザ・ドラフト＜350ml×24缶＞- オリオンビール 1ケース 350ml 24本 おすすめ 沖縄県 八重瀬町【価格改定YI】,14200,https://hb.afl.rakuten.co.jp/hgc/g00t87sn.7fmpi4d7.g00t87sn.7fmpj909/?pc=https%3A%2F%2Fitem.rakuten.co.jp%2Ff473626-yaese%2Fgu2022001%2F&m=http%3A%2F%2Fm.rakuten.co.jp%2Ff473626-yaese%2Fi%2F10000586%2F&rafcid=wsc_i_is_d634ff2c-683e-4977-844d-858728677083
ふるさと納税 ビール,【ふるさと納税】【選べる定期便】 キリン 一番搾り 生ビール＜千歳工場産＞ 350ml・500ml （24〜48本）北海道ふるさと納税 ビール お酒 ケース ビールふるさと納税 北海道 ギフト 内祝い お歳暮 酒 お楽しみ 麒麟 KIRIN,30000,https://hb.afl.rakuten.co.jp/hgc/g00t8i5n.7fmpi09b.g00t8i5n.7fmpj5d4/?pc=https%3A%2F%2Fitem.rakuten.co.jp%2Ff012246-chitose%2F55750219%2F&m=http%3A%2F%2Fm.rakuten.co.jp%2Ff012246-chitose%2Fi%2F10000508%2F&rafcid=wsc_i_is_d634ff2c-683e-4977-844d-858728677083
ふるさと納税 ビール,【ふるさと納税】ビール アサヒ スーパードライ 350ml×24本×2ケース 合計48本 合計16.8L 2ケース 最短3日発送 アルコール度数5% 缶ビール お酒 ビール アサヒ スーパードライ 辛口 送料無料 高評価【07214-0040-R】,29000,https://hb.afl.rakuten.co.jp/hgc/g00uakwn.7fmpi56a.g00uakwn.7fmpj6a5/?pc=https%3A%2F%2Fitem.rakuten.co.jp%2Ff072141-motomiya%2F5566904%2F&m=http%3A%2F%2Fm.rakuten.co.jp%2Ff072141-motomiya%2Fi%2F10000004%2F&rafcid=wsc_i_is_d634ff2c-683e-4977-844d-858728677083
ふるさと納税 家電,【ふるさと納税】アラジン 2枚 グラファイト トースター 選べるカラー 2枚焼き ホワイト グリーン ブラック 白 緑 黒 Aladdin アラジントースター 調理家電 キッチン家電 家電 お手入れ簡単 新生活　お届け：約1ヶ月後お届け（ブラックは2026年6月下旬以降順次発送予定）,33000,https://hb.afl.rakuten.co.jp/hgc/g00t7cjn.7fmpiaff.g00t7cjn.7fmpjd76/?pc=https%3A%2F%2Fitem.rakuten.co.jp%2Ff282201-kasai%2F56980299%2F&m=http%3A%2F%2Fm.rakuten.co.jp%2Ff282201-kasai%2Fi%2F10000487%2F&rafcid=wsc_i_is_d634ff2c-683e-4977-844d-858728677083
ふるさと納税 家電,【ふるさと納税】限定モデル アラジン 4枚焼き 選べるカラー ホワイト ブラック グリーン 白 黒 緑 グラファイト グリル ＆ トースター 4枚 アラジントースター トースター4枚焼き 調理家電 家電 AGT-G13FJ1W AGT-G13FJ1G AGT-G13FJ1K　お届け：約1ヶ月後お届け,58000,https://hb.afl.rakuten.co.jp/hgc/g00t7cjn.7fmpiaff.g00t7cjn.7fmpjd76/?pc=https%3A%2F%2Fitem.rakuten.co.jp%2Ff282201-kasai%2F56980356%2F&m=http%3A%2F%2Fm.rakuten.co.jp%2Ff282201-kasai%2Fi%2F10000490%2F&rafcid=wsc_i_is_d634ff2c-683e-4977-844d-858728677083
ふるさと納税 家電,【ふるさと納税】バルミューダ BALMUDA The Toaster Pro K11A-SE／JP（ブラックBK／ホワイトWH／） 119000円 11万9000円｜ BALMUDA 選べるカラー トースター スチームトースター 家電 おしゃれ キッチン 武蔵野市,119000,https://hb.afl.rakuten.co.jp/hgc/g00uqarn.7fmpi134.g00uqarn.7fmpj3ac/?pc=https%3A%2F%2Fitem.rakuten.co.jp%2Ff132039-musashino%2F116-0645%2F&m=http%3A%2F%2Fm.rakuten.co.jp%2Ff132039-musashino%2Fi%2F10000189%2F&rafcid=wsc_i_is_d634ff2c-683e-4977-844d-858728677083
ふるさと納税 家電,【ふるさと納税】 電気シェーバー パナソニック ラムダッシュPRO 6枚刃 ES-L690U Panasonic LAMDASH シェーバー ひげそり ひげ剃り 髭剃り ヒゲ剃り 家電 おすすめ 肌ケア スキンケア 深剃り ギフト 贈り物 父の日 男性 防水 充電式 ラムダッシュプロ 滋賀 彦根,274000,https://hb.afl.rakuten.co.jp/hgc/g00tgp1n.7fmpifc4.g00tgp1n.7fmpj788/?pc=https%3A%2F%2Fitem.rakuten.co.jp%2Ff252026-hikone%2Fcl09%2F&m=http%3A%2F%2Fm.rakuten.co.jp%2Ff252026-hikone%2Fi%2F10000791%2F&rafcid=wsc_i_is_d634ff2c-683e-4977-844d-858728677083
ふるさと納税 家電,【ふるさと納税】KINUJO ストレート ヘアアイロン ホワイト 絹女 【楽天ランキング1位獲得】 楽天3冠 日本製 1年間の保証 超高速立ち上がり 時短 温度調節 130℃ 〜 220℃ 10段階調節 美容家電 美髪 艶髪 水分保持 シルクプレート 泉佐野市 送料無料,67000,https://hb.afl.rakuten.co.jp/hgc/g00sksin.7fmpi4ab.g00sksin.7fmpjafd/?pc=https%3A%2F%2Fitem.rakuten.co.jp%2Ff272132-izumisano%2Fg1050%2F&m=http%3A%2F%2Fm.rakuten.co.jp%2Ff272132-izumisano%2Fi%2F10008603%2F&rafcid=wsc_i_is_d634ff2c-683e-4977-844d-858728677083
